Folder	ConsManifesto2017	ConsManifesto2017_Rel_Freq	GreenManifesto2017	GreenManifesto2017_Rel_Freq	LabourManifesto2017	LabourManifesto2017_Rel_Freq	LibdemManifesto2017	LibdemManifesto2017_Rel_Freq	PlaidCymruManifesto2017	PlaidCymruManifesto2017_Rel_Freq	SNPManifesto2017	SNPManifesto2017_Rel_Freq	UKIPManifesto2017	UKIPManifesto2017_Rel_Freq	TOTAL	TOTAL_Rel_Freq	RANGE	Log_Likelihood	Dispersion_DP	Dispersion_DPnorm	
A1.1.1	415 	1.44	49 	1.66	599 	2.58	339 	1.66	90 	1.45	376 	1.93	388 	1.63	2256	1.81	7	103.97	0.09	0.09	
A1.1.1-	1 	0.00	0	0.00	0	0.00	0	0.00	0	0.00	0	0.00	0	0.00	1	0.00	1	2.93	0.77	0.79	
A1.1.2	30 	0.10	0	0.00	36 	0.16	33 	0.16	13 	0.21	27 	0.14	44 	0.18	183	0.15	6	16.75	0.10	0.10	
A1.2	2 	0.01	0	0.00	2 	0.01	0	0.00	0	0.00	1 	0.01	0	0.00	5	0.00	3	5.76	0.43	0.44	
A1.2+	21 	0.07	2 	0.07	15 	0.06	26 	0.13	5 	0.08	24 	0.12	15 	0.06	108	0.09	7	9.95	0.14	0.15	
A1.2-	2 	0.01	0	0.00	1 	0.00	0	0.00	0	0.00	0	0.00	6 	0.03	9	0.01	3	13.85	0.48	0.49	
A1.3+	3 	0.01	0	0.00	0	0.00	0	0.00	0	0.00	2 	0.01	3 	0.01	8	0.01	3	8.86	0.42	0.43	
A1.3-	2 	0.01	0	0.00	1 	0.00	0	0.00	2 	0.03	0	0.00	2 	0.01	7	0.01	4	8.95	0.39	0.40	
A1.4	53 	0.18	4 	0.14	14 	0.06	33 	0.16	10 	0.16	11 	0.06	26 	0.11	151	0.12	7	28.86	0.19	0.20	
A1.4-	0	0.00	0	0.00	0	0.00	0	0.00	0	0.00	0	0.00	1 	0.00	1	0.00	1	3.32	0.81	0.83	
A1.5.1	68 	0.24	7 	0.24	34 	0.15	44 	0.22	8 	0.13	28 	0.14	44 	0.18	233	0.19	7	10.27	0.09	0.10	
A1.5.1-	1 	0.00	0	0.00	2 	0.01	0	0.00	0	0.00	0	0.00	1 	0.00	4	0.00	3	4.66	0.39	0.40	
A1.5.2	1 	0.00	0	0.00	3 	0.01	1 	0.00	0	0.00	0	0.00	2 	0.01	7	0.01	4	5.41	0.34	0.35	
A1.5.2+	0	0.00	0	0.00	5 	0.02	2 	0.01	1 	0.02	0	0.00	4 	0.02	12	0.01	4	13.66	0.41	0.42	
A1.5.2-	1 	0.00	0	0.00	2 	0.01	0	0.00	1 	0.02	0	0.00	5 	0.02	9	0.01	4	11.57	0.46	0.47	
A1.6	3 	0.01	0	0.00	0	0.00	2 	0.01	0	0.00	1 	0.01	4 	0.02	10	0.01	4	7.42	0.32	0.32	
A1.7+	18 	0.06	4 	0.14	20 	0.09	29 	0.14	2 	0.03	27 	0.14	49 	0.21	149	0.12	7	31.08	0.20	0.20	
A1.7-	30 	0.10	3 	0.10	18 	0.08	108 	0.53	1 	0.02	11 	0.06	22 	0.09	193	0.15	7	165.42	0.40	0.41	
A1.8+	79 	0.27	13 	0.44	79 	0.34	121 	0.59	11 	0.18	59 	0.30	44 	0.18	406	0.32	7	62.08	0.15	0.16	
A1.8-	2 	0.01	0	0.00	7 	0.03	7 	0.03	0	0.00	4 	0.02	4 	0.02	24	0.02	5	9.78	0.24	0.25	
A1.9	9 	0.03	2 	0.07	19 	0.08	12 	0.06	9 	0.15	10 	0.05	7 	0.03	68	0.05	7	16.03	0.20	0.20	
A10+	56 	0.19	2 	0.07	30 	0.13	43 	0.21	12 	0.19	32 	0.16	58 	0.24	233	0.19	7	12.60	0.09	0.09	
A10-	30 	0.10	2 	0.07	36 	0.16	15 	0.07	7 	0.11	12 	0.06	27 	0.11	129	0.10	7	11.75	0.12	0.12	
A11.1+	128 	0.44	15 	0.51	118 	0.51	131 	0.64	18 	0.29	88 	0.45	134 	0.56	632	0.51	7	18.50	0.07	0.07	
A11.1++	1 	0.00	0	0.00	1 	0.00	0	0.00	0	0.00	0	0.00	0	0.00	2	0.00	2	3.53	0.58	0.60	
A11.1+++	2 	0.01	0	0.00	1 	0.00	1 	0.00	0	0.00	1 	0.01	4 	0.02	9	0.01	5	4.14	0.25	0.26	
A11.1-	3 	0.01	0	0.00	7 	0.03	2 	0.01	3 	0.05	7 	0.04	14 	0.06	36	0.03	6	16.35	0.28	0.29	
A11.2+	1 	0.00	0	0.00	0	0.00	0	0.00	0	0.00	0	0.00	2 	0.01	3	0.00	2	5.75	0.58	0.59	
A12	0	0.00	0	0.00	0	0.00	1 	0.00	0	0.00	0	0.00	0	0.00	1	0.00	1	3.62	0.84	0.86	
A12+	9 	0.03	2 	0.07	7 	0.03	4 	0.02	3 	0.05	6 	0.03	7 	0.03	38	0.03	7	2.48	0.07	0.07	
A12++	9 	0.03	1 	0.03	0	0.00	5 	0.02	0	0.00	0	0.00	4 	0.02	19	0.02	4	20.12	0.39	0.40	
A12+++	0	0.00	0	0.00	1 	0.00	1 	0.00	0	0.00	0	0.00	0	0.00	2	0.00	2	4.21	0.65	0.67	
A12++++	0	0.00	0	0.00	0	0.00	0	0.00	0	0.00	1 	0.01	0	0.00	1	0.00	1	3.71	0.84	0.86	
A12-	72 	0.25	8 	0.27	50 	0.22	43 	0.21	3 	0.05	39 	0.20	49 	0.21	264	0.21	7	13.94	0.05	0.05	
A13	11 	0.04	0	0.00	4 	0.02	5 	0.02	0	0.00	5 	0.03	10 	0.04	35	0.03	5	8.78	0.18	0.18	
A13.1	15 	0.05	0	0.00	7 	0.03	7 	0.03	1 	0.02	11 	0.06	21 	0.09	62	0.05	6	13.98	0.18	0.19	
A13.2	38 	0.13	3 	0.10	34 	0.15	26 	0.13	8 	0.13	29 	0.15	37 	0.16	175	0.14	7	1.33	0.04	0.04	
A13.3	101 	0.35	11 	0.37	62 	0.27	71 	0.35	14 	0.23	46 	0.24	91 	0.38	396	0.32	7	13.10	0.08	0.09	
A13.4	23 	0.08	3 	0.10	13 	0.06	14 	0.07	3 	0.05	21 	0.11	26 	0.11	103	0.08	7	7.14	0.11	0.12	
A13.5	0	0.00	0	0.00	1 	0.00	0	0.00	0	0.00	0	0.00	2 	0.01	3	0.00	2	6.18	0.62	0.64	
A13.6	12 	0.04	0	0.00	7 	0.03	3 	0.01	2 	0.03	5 	0.03	18 	0.08	47	0.04	6	14.37	0.22	0.22	
A13.7	12 	0.04	2 	0.07	12 	0.05	13 	0.06	0	0.00	7 	0.04	18 	0.08	64	0.05	6	11.03	0.14	0.14	
A14	40 	0.14	4 	0.14	29 	0.12	31 	0.15	7 	0.11	25 	0.13	73 	0.31	209	0.17	7	30.02	0.16	0.16	
A15	2 	0.01	0	0.00	1 	0.00	0	0.00	0	0.00	0	0.00	0	0.00	3	0.00	2	5.42	0.58	0.60	
A15+	22 	0.08	4 	0.14	28 	0.12	12 	0.06	3 	0.05	9 	0.05	10 	0.04	88	0.07	7	14.34	0.17	0.18	
A15++	1 	0.00	6 	0.20	8 	0.03	1 	0.00	0	0.00	1 	0.01	1 	0.00	18	0.01	6	36.20	0.57	0.58	
A15+++	3 	0.01	0	0.00	0	0.00	0	0.00	0	0.00	0	0.00	0	0.00	3	0.00	1	8.80	0.77	0.79	
A15-	17 	0.06	1 	0.03	11 	0.05	16 	0.08	15 	0.24	10 	0.05	25 	0.11	95	0.08	7	23.25	0.19	0.19	
A2.1	0	0.00	0	0.00	0	0.00	0	0.00	0	0.00	1 	0.01	0	0.00	1	0.00	1	3.71	0.84	0.86	
A2.1+	227 	0.79	20 	0.68	167 	0.72	163 	0.80	23 	0.37	106 	0.54	142 	0.60	848	0.68	7	28.01	0.08	0.08	
A2.1-	30 	0.10	1 	0.03	6 	0.03	7 	0.03	0	0.00	3 	0.02	4 	0.02	51	0.04	6	34.94	0.36	0.37	
A2.2	120 	0.42	8 	0.27	86 	0.37	116 	0.57	31 	0.50	97 	0.50	117 	0.49	575	0.46	7	14.28	0.07	0.07	
A2.2-	0	0.00	0	0.00	0	0.00	1 	0.00	0	0.00	0	0.00	1 	0.00	2	0.00	2	4.16	0.65	0.66	
A3	1 	0.00	0	0.00	2 	0.01	2 	0.01	2 	0.03	2 	0.01	1 	0.00	10	0.01	6	4.70	0.24	0.25	
A3+	440 	1.53	32 	1.09	318 	1.37	274 	1.34	200 	3.22	269 	1.38	433 	1.82	1966	1.57	7	115.00	0.08	0.08	
A3-	0	0.00	0	0.00	0	0.00	0	0.00	0	0.00	3 	0.02	0	0.00	3	0.00	1	11.13	0.84	0.86	
A4.1	37 	0.13	5 	0.17	61 	0.26	41 	0.20	4 	0.06	28 	0.14	47 	0.20	223	0.18	7	20.99	0.13	0.13	
A4.2+	29 	0.10	3 	0.10	18 	0.08	18 	0.09	1 	0.02	9 	0.05	20 	0.08	98	0.08	7	9.82	0.11	0.11	
A4.2-	0	0.00	0	0.00	5 	0.02	1 	0.00	0	0.00	1 	0.01	0	0.00	7	0.01	3	13.01	0.53	0.54	
A4.2--	2 	0.01	0	0.00	0	0.00	0	0.00	0	0.00	0	0.00	0	0.00	2	0.00	1	5.87	0.77	0.79	
A5	1 	0.00	0	0.00	1 	0.00	0	0.00	0	0.00	0	0.00	0	0.00	2	0.00	2	3.53	0.58	0.60	
A5.1	31 	0.11	3 	0.10	59 	0.25	33 	0.16	6 	0.10	7 	0.04	21 	0.09	160	0.13	7	47.18	0.23	0.23	
A5.1+	181 	0.63	12 	0.41	92 	0.40	71 	0.35	15 	0.24	61 	0.31	61 	0.26	493	0.39	7	56.07	0.14	0.14	
A5.1++	70 	0.24	5 	0.17	15 	0.06	35 	0.17	7 	0.11	20 	0.10	23 	0.10	175	0.14	7	37.31	0.21	0.22	
A5.1+++	73 	0.25	1 	0.03	21 	0.09	20 	0.10	7 	0.11	21 	0.11	23 	0.10	166	0.13	7	37.37	0.21	0.21	
A5.1++++++	7 	0.02	0	0.00	3 	0.01	0	0.00	1 	0.02	0	0.00	0	0.00	11	0.01	3	17.73	0.53	0.55	
A5.1-	19 	0.07	1 	0.03	22 	0.09	17 	0.08	2 	0.03	6 	0.03	32 	0.13	99	0.08	7	19.72	0.18	0.18	
A5.1--	1 	0.00	0	0.00	4 	0.02	2 	0.01	0	0.00	1 	0.01	4 	0.02	12	0.01	5	5.93	0.29	0.30	
A5.1---	5 	0.02	0	0.00	2 	0.01	3 	0.01	1 	0.02	5 	0.03	16 	0.07	32	0.03	6	18.35	0.31	0.32	
A5.1---+++	0	0.00	0	0.00	1 	0.00	0	0.00	0	0.00	0	0.00	0	0.00	1	0.00	1	3.37	0.81	0.83	
A5.2+	20 	0.07	0	0.00	17 	0.07	14 	0.07	6 	0.10	13 	0.07	28 	0.12	98	0.08	6	9.93	0.11	0.11	
A5.2-	4 	0.01	0	0.00	2 	0.01	4 	0.02	1 	0.02	1 	0.01	7 	0.03	19	0.02	6	6.19	0.23	0.23	
A5.3+	49 	0.17	6 	0.20	22 	0.09	25 	0.12	7 	0.11	14 	0.07	29 	0.12	152	0.12	7	12.55	0.11	0.11	
A5.3-	8 	0.03	0	0.00	2 	0.01	2 	0.01	1 	0.02	0	0.00	4 	0.02	17	0.01	5	10.30	0.29	0.30	
A5.4+	8 	0.03	4 	0.14	13 	0.06	19 	0.09	2 	0.03	4 	0.02	21 	0.09	71	0.06	7	21.88	0.24	0.25	
A5.4-	6 	0.02	0	0.00	6 	0.03	4 	0.02	0	0.00	0	0.00	1 	0.00	17	0.01	4	13.37	0.36	0.37	
A6	0	0.00	0	0.00	1 	0.00	1 	0.00	0	0.00	0	0.00	1 	0.00	3	0.00	3	3.71	0.46	0.47	
A6.1	4 	0.01	0	0.00	1 	0.00	0	0.00	0	0.00	3 	0.02	2 	0.01	10	0.01	4	7.27	0.32	0.33	
A6.1+	54 	0.19	5 	0.17	66 	0.28	43 	0.21	8 	0.13	53 	0.27	52 	0.22	281	0.22	7	10.69	0.08	0.08	
A6.1+++	14 	0.05	2 	0.07	20 	0.09	12 	0.06	2 	0.03	12 	0.06	17 	0.07	79	0.06	7	4.27	0.09	0.10	
A6.1-	92 	0.32	9 	0.31	83 	0.36	76 	0.37	12 	0.19	62 	0.32	82 	0.34	416	0.33	7	6.05	0.04	0.04	
A6.2+	46 	0.16	12 	0.41	42 	0.18	33 	0.16	8 	0.13	32 	0.16	60 	0.25	233	0.19	7	14.39	0.09	0.10	
A6.2++	1 	0.00	0	0.00	1 	0.00	1 	0.00	0	0.00	0	0.00	0	0.00	3	0.00	3	3.33	0.42	0.43	
A6.2-	10 	0.03	0	0.00	2 	0.01	7 	0.03	0	0.00	0	0.00	5 	0.02	24	0.02	4	17.62	0.33	0.34	
A6.3+	19 	0.07	2 	0.07	13 	0.06	11 	0.05	0	0.00	6 	0.03	4 	0.02	55	0.04	6	15.76	0.21	0.22	
A6.3++++	1 	0.00	0	0.00	0	0.00	0	0.00	0	0.00	0	0.00	0	0.00	1	0.00	1	2.93	0.77	0.79	
A7	0	0.00	1 	0.03	2 	0.01	2 	0.01	0	0.00	3 	0.02	2 	0.01	10	0.01	5	8.09	0.28	0.29	
A7+	346 	1.20	32 	1.09	284 	1.22	218 	1.07	114 	1.84	215 	1.10	235 	0.99	1444	1.16	7	30.79	0.05	0.05	
A7++	4 	0.01	0	0.00	1 	0.00	0	0.00	0	0.00	1 	0.01	0	0.00	6	0.00	3	8.41	0.45	0.46	
A7+++	4 	0.01	0	0.00	1 	0.00	1 	0.00	1 	0.02	0	0.00	2 	0.01	9	0.01	5	5.68	0.31	0.31	
A7-	3 	0.01	0	0.00	6 	0.03	8 	0.04	2 	0.03	7 	0.04	13 	0.05	39	0.03	6	11.38	0.21	0.21	
A8	5 	0.02	0	0.00	0	0.00	7 	0.03	0	0.00	0	0.00	10 	0.04	22	0.02	3	26.56	0.42	0.43	
A9	2 	0.01	0	0.00	3 	0.01	2 	0.01	1 	0.02	0	0.00	8 	0.03	16	0.01	5	12.43	0.32	0.33	
A9+	315 	1.09	32 	1.09	255 	1.10	196 	0.96	57 	0.92	183 	0.94	280 	1.18	1318	1.05	7	9.68	0.04	0.04	
A9-	214 	0.74	24 	0.81	175 	0.75	154 	0.75	31 	0.50	96 	0.49	173 	0.73	867	0.69	7	20.71	0.06	0.06	
B1	42 	0.15	7 	0.24	45 	0.19	41 	0.20	10 	0.16	43 	0.22	54 	0.23	242	0.19	7	6.36	0.07	0.07	
B2	53 	0.18	10 	0.34	42 	0.18	53 	0.26	7 	0.11	34 	0.17	31 	0.13	230	0.18	7	14.96	0.09	0.09	
B2+	10 	0.03	3 	0.10	9 	0.04	23 	0.11	0	0.00	5 	0.03	20 	0.08	70	0.06	6	27.85	0.28	0.29	
B2++	1 	0.00	1 	0.03	0	0.00	1 	0.00	4 	0.06	0	0.00	0	0.00	7	0.01	4	21.92	0.64	0.66	
B2+++	0	0.00	0	0.00	1 	0.00	0	0.00	0	0.00	0	0.00	0	0.00	1	0.00	1	3.37	0.81	0.83	
B2-	55 	0.19	6 	0.20	85 	0.37	48 	0.23	9 	0.15	27 	0.14	67 	0.28	297	0.24	7	30.79	0.14	0.14	
B3	89 	0.31	10 	0.34	65 	0.28	87 	0.43	24 	0.39	42 	0.22	140 	0.59	457	0.37	7	51.17	0.15	0.15	
B4	2 	0.01	1 	0.03	3 	0.01	2 	0.01	1 	0.02	3 	0.02	8 	0.03	20	0.02	7	6.54	0.24	0.24	
B5	9 	0.03	2 	0.07	12 	0.05	13 	0.06	125 	2.02	12 	0.06	13 	0.05	186	0.15	7	525.28	0.62	0.64	
B5+++	0	0.00	0	0.00	0	0.00	0	0.00	0	0.00	1 	0.01	0	0.00	1	0.00	1	3.71	0.84	0.86	
B5-	1 	0.00	0	0.00	0	0.00	0	0.00	0	0.00	0	0.00	1 	0.00	2	0.00	2	3.48	0.58	0.59	
C1	39 	0.14	0	0.00	27 	0.12	19 	0.09	2 	0.03	3 	0.02	21 	0.09	111	0.09	6	34.26	0.19	0.19	
E1	1 	0.00	0	0.00	0	0.00	0	0.00	0	0.00	0	0.00	1 	0.00	2	0.00	2	3.48	0.58	0.59	
E2	1 	0.00	0	0.00	0	0.00	0	0.00	2 	0.03	0	0.00	4 	0.02	7	0.01	3	14.83	0.62	0.63	
E2+	15 	0.05	2 	0.07	7 	0.03	13 	0.06	1 	0.02	8 	0.04	12 	0.05	58	0.05	7	4.98	0.12	0.12	
E2++	2 	0.01	0	0.00	6 	0.03	1 	0.00	0	0.00	2 	0.01	3 	0.01	14	0.01	5	6.80	0.27	0.27	
E2+++	0	0.00	0	0.00	0	0.00	1 	0.00	0	0.00	0	0.00	1 	0.00	2	0.00	2	4.16	0.65	0.66	
E2-	4 	0.01	1 	0.03	8 	0.03	5 	0.02	1 	0.02	0	0.00	5 	0.02	24	0.02	6	10.86	0.23	0.23	
E2--	0	0.00	1 	0.03	0	0.00	0	0.00	0	0.00	0	0.00	0	0.00	1	0.00	1	7.49	0.98	1.00	
E3+	6 	0.02	1 	0.03	13 	0.06	10 	0.05	3 	0.05	12 	0.06	8 	0.03	53	0.04	7	7.04	0.16	0.17	
E3-	74 	0.26	5 	0.17	45 	0.19	50 	0.24	23 	0.37	34 	0.17	54 	0.23	285	0.23	7	10.37	0.07	0.07	
E4.1+	8 	0.03	1 	0.03	2 	0.01	8 	0.04	2 	0.03	3 	0.02	10 	0.04	34	0.03	7	7.92	0.20	0.20	
E4.1++	0	0.00	2 	0.07	0	0.00	0	0.00	3 	0.05	0	0.00	0	0.00	5	0.00	2	26.28	0.93	0.95	
E4.1-	8 	0.03	0	0.00	8 	0.03	10 	0.05	7 	0.11	3 	0.02	21 	0.09	57	0.05	6	22.81	0.26	0.27	
E4.2+	9 	0.03	3 	0.10	10 	0.04	8 	0.04	0	0.00	3 	0.02	5 	0.02	38	0.03	6	10.93	0.19	0.19	
E4.2-	0	0.00	0	0.00	1 	0.00	3 	0.01	0	0.00	0	0.00	4 	0.02	8	0.01	3	11.90	0.52	0.53	
E5+	1 	0.00	1 	0.03	2 	0.01	0	0.00	0	0.00	0	0.00	4 	0.02	8	0.01	4	11.02	0.48	0.49	
E5-	7 	0.02	1 	0.03	7 	0.03	1 	0.00	5 	0.08	2 	0.01	6 	0.03	29	0.02	7	12.12	0.22	0.22	
E6+	22 	0.08	6 	0.20	4 	0.02	6 	0.03	0	0.00	4 	0.02	15 	0.06	57	0.05	6	30.83	0.31	0.32	
E6-	22 	0.08	4 	0.14	29 	0.12	13 	0.06	7 	0.11	10 	0.05	32 	0.13	117	0.09	7	14.33	0.17	0.17	
F1	13 	0.05	2 	0.07	25 	0.11	27 	0.13	7 	0.11	27 	0.14	30 	0.13	131	0.10	7	17.15	0.14	0.14	
F1-	0	0.00	0	0.00	2 	0.01	0	0.00	2 	0.03	0	0.00	1 	0.00	5	0.00	3	11.51	0.57	0.59	
F2	4 	0.01	0	0.00	6 	0.03	6 	0.03	0	0.00	14 	0.07	17 	0.07	47	0.04	5	24.39	0.31	0.32	
F2++	0	0.00	0	0.00	0	0.00	0	0.00	0	0.00	0	0.00	1 	0.00	1	0.00	1	3.32	0.81	0.83	
F2+++	0	0.00	0	0.00	1 	0.00	0	0.00	0	0.00	0	0.00	0	0.00	1	0.00	1	3.37	0.81	0.83	
F3	1 	0.00	0	0.00	3 	0.01	8 	0.04	1 	0.02	0	0.00	8 	0.03	21	0.02	5	19.80	0.41	0.42	
F4	29 	0.10	2 	0.07	29 	0.12	34 	0.17	29 	0.47	67 	0.34	51 	0.21	241	0.19	7	62.04	0.21	0.22	
G1.1	440 	1.53	38 	1.29	333 	1.43	296 	1.45	87 	1.40	618 	3.16	289 	1.21	2101	1.68	7	262.46	0.14	0.14	
G1.1-	3 	0.01	3 	0.10	24 	0.10	1 	0.00	2 	0.03	6 	0.03	2 	0.01	41	0.03	7	44.87	0.45	0.46	
G1.2	144 	0.50	28 	0.95	286 	1.23	172 	0.84	76 	1.23	203 	1.04	397 	1.67	1306	1.05	7	194.32	0.16	0.16	
G2.1	272 	0.94	3 	0.10	229 	0.99	167 	0.82	25 	0.40	86 	0.44	231 	0.97	1013	0.81	7	105.98	0.12	0.12	
G2.1+	8 	0.03	1 	0.03	21 	0.09	22 	0.11	7 	0.11	5 	0.03	7 	0.03	71	0.06	7	27.56	0.31	0.31	
G2.1-	73 	0.25	5 	0.17	48 	0.21	47 	0.23	13 	0.21	31 	0.16	68 	0.29	285	0.23	7	9.66	0.08	0.08	
G2.2	13 	0.05	0	0.00	5 	0.02	0	0.00	1 	0.02	3 	0.02	2 	0.01	24	0.02	5	18.36	0.33	0.34	
G2.2+	34 	0.12	6 	0.20	28 	0.12	31 	0.15	10 	0.16	44 	0.23	31 	0.13	184	0.15	7	11.08	0.10	0.10	
G2.2++	9 	0.03	1 	0.03	7 	0.03	6 	0.03	3 	0.05	5 	0.03	3 	0.01	34	0.03	7	3.50	0.11	0.11	
G2.2-	16 	0.06	3 	0.10	41 	0.18	16 	0.08	8 	0.13	20 	0.10	23 	0.10	127	0.10	7	19.38	0.15	0.16	
G3	38 	0.13	1 	0.03	45 	0.19	32 	0.16	16 	0.26	30 	0.15	112 	0.47	274	0.22	7	79.76	0.23	0.23	
G3-	2 	0.01	0	0.00	5 	0.02	5 	0.02	0	0.00	3 	0.02	1 	0.00	16	0.01	5	8.09	0.31	0.31	
H1	109 	0.38	17 	0.58	80 	0.34	65 	0.32	9 	0.15	45 	0.23	83 	0.35	408	0.33	7	21.56	0.08	0.08	
H2	9 	0.03	2 	0.07	11 	0.05	16 	0.08	6 	0.10	17 	0.09	27 	0.11	88	0.07	7	16.61	0.19	0.19	
H3	3 	0.01	3 	0.10	5 	0.02	4 	0.02	2 	0.03	3 	0.02	7 	0.03	27	0.02	7	7.96	0.18	0.19	
H4	107 	0.37	26 	0.88	117 	0.50	91 	0.45	20 	0.32	46 	0.24	113 	0.47	520	0.42	7	38.96	0.10	0.11	
H4-	4 	0.01	3 	0.10	4 	0.02	2 	0.01	0	0.00	1 	0.01	4 	0.02	18	0.01	6	10.49	0.21	0.22	
H5	2 	0.01	0	0.00	4 	0.02	1 	0.00	1 	0.02	9 	0.05	14 	0.06	31	0.02	6	23.18	0.40	0.40	
I1	88 	0.31	8 	0.27	90 	0.39	94 	0.46	22 	0.35	124 	0.63	137 	0.58	563	0.45	7	41.78	0.12	0.12	
I1.1	291 	1.01	57 	1.93	340 	1.46	269 	1.32	59 	0.95	322 	1.65	232 	0.97	1570	1.26	7	75.40	0.10	0.10	
I1.1+	72 	0.25	4 	0.14	22 	0.09	18 	0.09	6 	0.10	7 	0.04	16 	0.07	145	0.12	7	56.80	0.27	0.28	
I1.1++	1 	0.00	0	0.00	11 	0.05	0	0.00	0	0.00	0	0.00	0	0.00	12	0.01	2	33.08	0.73	0.75	
I1.1+++	0	0.00	0	0.00	1 	0.00	0	0.00	0	0.00	0	0.00	2 	0.01	3	0.00	2	6.18	0.62	0.64	
I1.1-	26 	0.09	1 	0.03	26 	0.11	17 	0.08	16 	0.26	24 	0.12	18 	0.08	128	0.10	7	16.10	0.12	0.13	
I1.1--	1 	0.00	1 	0.03	1 	0.00	2 	0.01	0	0.00	2 	0.01	1 	0.00	8	0.01	6	4.05	0.28	0.29	
I1.1---	2 	0.01	0	0.00	1 	0.00	2 	0.01	2 	0.03	2 	0.01	5 	0.02	14	0.01	6	5.78	0.26	0.27	
I1.2	91 	0.32	11 	0.37	86 	0.37	85 	0.42	20 	0.32	95 	0.49	132 	0.55	520	0.42	7	22.44	0.09	0.09	
I1.2+	0	0.00	0	0.00	1 	0.00	0	0.00	0	0.00	0	0.00	0	0.00	1	0.00	1	3.37	0.81	0.83	
I1.2-	4 	0.01	0	0.00	0	0.00	1 	0.00	0	0.00	0	0.00	1 	0.00	6	0.00	3	8.27	0.44	0.45	
I1.3	81 	0.28	3 	0.10	55 	0.24	46 	0.23	12 	0.19	82 	0.42	93 	0.39	372	0.30	7	29.96	0.12	0.13	
I1.3+	9 	0.03	0	0.00	3 	0.01	6 	0.03	2 	0.03	15 	0.08	5 	0.02	40	0.03	6	15.14	0.22	0.22	
I1.3+++	1 	0.00	0	0.00	0	0.00	2 	0.01	0	0.00	0	0.00	1 	0.00	4	0.00	3	5.18	0.42	0.43	
I1.3-	40 	0.14	9 	0.31	36 	0.16	28 	0.14	7 	0.11	12 	0.06	44 	0.18	176	0.14	7	19.04	0.11	0.11	
I1.3--	0	0.00	0	0.00	0	0.00	0	0.00	1 	0.02	1 	0.01	0	0.00	2	0.00	2	6.94	0.79	0.81	
I1.3---	0	0.00	0	0.00	1 	0.00	0	0.00	0	0.00	0	0.00	0	0.00	1	0.00	1	3.37	0.81	0.83	
I2	1 	0.00	0	0.00	8 	0.03	2 	0.01	2 	0.03	0	0.00	2 	0.01	15	0.01	5	16.09	0.43	0.44	
I2.1	253 	0.88	16 	0.54	184 	0.79	164 	0.80	36 	0.58	96 	0.49	108 	0.45	857	0.69	7	57.06	0.12	0.12	
I2.1-	0	0.00	0	0.00	0	0.00	0	0.00	0	0.00	0	0.00	1 	0.00	1	0.00	1	3.32	0.81	0.83	
I2.2	161 	0.56	14 	0.48	166 	0.71	108 	0.53	24 	0.39	82 	0.42	117 	0.49	672	0.54	7	22.13	0.07	0.07	
I3.1	273 	0.95	33 	1.12	364 	1.57	229 	1.12	39 	0.63	202 	1.03	219 	0.92	1359	1.09	7	70.09	0.09	0.09	
I3.1-	16 	0.06	0	0.00	10 	0.04	7 	0.03	3 	0.05	6 	0.03	15 	0.06	57	0.05	6	6.43	0.13	0.13	
I3.2	0	0.00	0	0.00	1 	0.00	2 	0.01	0	0.00	4 	0.02	1 	0.00	8	0.01	4	9.36	0.43	0.44	
I3.2+	5 	0.02	0	0.00	2 	0.01	8 	0.04	0	0.00	0	0.00	7 	0.03	22	0.02	4	16.96	0.33	0.34	
I4	58 	0.20	1 	0.03	51 	0.22	20 	0.10	9 	0.15	34 	0.17	27 	0.11	200	0.16	7	21.45	0.14	0.15	
K1	26 	0.09	3 	0.10	23 	0.10	30 	0.15	10 	0.16	9 	0.05	43 	0.18	144	0.12	7	22.95	0.17	0.18	
K2	5 	0.02	1 	0.03	4 	0.02	5 	0.02	0	0.00	6 	0.03	10 	0.04	31	0.02	6	7.09	0.18	0.18	
K3	0	0.00	0	0.00	1 	0.00	0	0.00	0	0.00	0	0.00	0	0.00	1	0.00	1	3.37	0.81	0.83	
K4	6 	0.02	0	0.00	11 	0.05	5 	0.02	1 	0.02	2 	0.01	7 	0.03	32	0.03	6	7.94	0.19	0.19	
K5.1	22 	0.08	1 	0.03	28 	0.12	18 	0.09	3 	0.05	23 	0.12	28 	0.12	123	0.10	7	8.00	0.11	0.11	
K5.2	0	0.00	0	0.00	2 	0.01	1 	0.00	0	0.00	0	0.00	0	0.00	3	0.00	2	6.53	0.65	0.67	
K6	2 	0.01	0	0.00	1 	0.00	0	0.00	0	0.00	0	0.00	0	0.00	3	0.00	2	5.42	0.58	0.60	
L1	0	0.00	1 	0.03	4 	0.02	1 	0.00	3 	0.05	0	0.00	2 	0.01	11	0.01	5	16.93	0.47	0.48	
L1+	32 	0.11	4 	0.14	30 	0.13	25 	0.12	5 	0.08	4 	0.02	16 	0.07	116	0.09	7	24.32	0.18	0.19	
L1-	8 	0.03	0	0.00	18 	0.08	9 	0.04	6 	0.10	3 	0.02	16 	0.07	60	0.05	6	19.24	0.24	0.25	
L2	9 	0.03	1 	0.03	20 	0.09	15 	0.07	6 	0.10	7 	0.04	32 	0.13	90	0.07	7	24.87	0.22	0.23	
L3	10 	0.03	0	0.00	4 	0.02	6 	0.03	1 	0.02	10 	0.05	12 	0.05	43	0.03	6	8.32	0.17	0.17	
M1	228 	0.79	32 	1.09	170 	0.73	180 	0.88	57 	0.92	171 	0.88	249 	1.05	1087	0.87	7	17.06	0.05	0.05	
M2	179 	0.62	18 	0.61	189 	0.81	143 	0.70	44 	0.71	113 	0.58	171 	0.72	857	0.69	7	11.22	0.05	0.05	
M3	76 	0.26	29 	0.98	69 	0.30	68 	0.33	26 	0.42	25 	0.13	89 	0.37	382	0.31	7	61.70	0.13	0.13	
M4	29 	0.10	3 	0.10	10 	0.04	8 	0.04	3 	0.05	12 	0.06	48 	0.20	113	0.09	7	42.62	0.26	0.27	
M5	3 	0.01	3 	0.10	5 	0.02	6 	0.03	0	0.00	15 	0.08	26 	0.11	58	0.05	6	42.15	0.39	0.40	
M6	331 	1.15	19 	0.64	213 	0.92	167 	0.82	181 	2.92	195 	1.00	236 	0.99	1342	1.07	7	162.31	0.10	0.10	
M7	248 	0.86	28 	0.95	217 	0.93	246 	1.20	35 	0.56	139 	0.71	220 	0.92	1133	0.91	7	37.19	0.06	0.07	
M8	14 	0.05	1 	0.03	7 	0.03	8 	0.04	2 	0.03	5 	0.03	11 	0.05	48	0.04	7	2.55	0.10	0.11	
N1	234 	0.81	27 	0.92	287 	1.24	216 	1.06	34 	0.55	149 	0.76	364 	1.53	1311	1.05	7	105.11	0.12	0.12	
N2	11 	0.04	1 	0.03	7 	0.03	7 	0.03	2 	0.03	4 	0.02	13 	0.05	45	0.04	7	3.84	0.11	0.11	
N3	0	0.00	0	0.00	0	0.00	1 	0.00	0	0.00	0	0.00	0	0.00	1	0.00	1	3.62	0.84	0.86	
N3.1	7 	0.02	1 	0.03	13 	0.06	4 	0.02	3 	0.05	12 	0.06	13 	0.05	53	0.04	7	9.03	0.19	0.20	
N3.2	14 	0.05	3 	0.10	13 	0.06	10 	0.05	0	0.00	4 	0.02	12 	0.05	56	0.04	6	11.29	0.13	0.14	
N3.2+	79 	0.27	4 	0.14	55 	0.24	58 	0.28	3 	0.05	19 	0.10	39 	0.16	257	0.21	7	40.14	0.17	0.17	
N3.2++	4 	0.01	0	0.00	0	0.00	2 	0.01	0	0.00	1 	0.01	4 	0.02	11	0.01	4	8.16	0.32	0.33	
N3.2+++	30 	0.10	0	0.00	13 	0.06	11 	0.05	5 	0.08	12 	0.06	16 	0.07	87	0.07	6	10.16	0.12	0.13	
N3.2-	17 	0.06	1 	0.03	19 	0.08	13 	0.06	4 	0.06	11 	0.06	19 	0.08	84	0.07	7	2.53	0.08	0.08	
N3.2--	2 	0.01	0	0.00	3 	0.01	4 	0.02	0	0.00	0	0.00	12 	0.05	21	0.02	4	22.46	0.41	0.42	
N3.2---	0	0.00	0	0.00	1 	0.00	1 	0.00	0	0.00	0	0.00	2 	0.01	4	0.00	3	5.30	0.46	0.47	
N3.3	34 	0.12	3 	0.10	54 	0.23	30 	0.15	3 	0.05	16 	0.08	23 	0.10	163	0.13	7	26.58	0.17	0.17	
N3.3+	8 	0.03	0	0.00	8 	0.03	3 	0.01	1 	0.02	4 	0.02	4 	0.02	28	0.02	6	4.10	0.16	0.16	
N3.3++	0	0.00	0	0.00	1 	0.00	2 	0.01	0	0.00	0	0.00	0	0.00	3	0.00	2	6.79	0.65	0.67	
N3.3-	4 	0.01	3 	0.10	7 	0.03	4 	0.02	1 	0.02	1 	0.01	6 	0.03	26	0.02	7	9.98	0.22	0.22	
N3.3-+++	0	0.00	0	0.00	0	0.00	1 	0.00	0	0.00	0	0.00	0	0.00	1	0.00	1	3.62	0.84	0.86	
N3.3--	3 	0.01	0	0.00	0	0.00	0	0.00	1 	0.02	1 	0.01	0	0.00	5	0.00	3	9.02	0.56	0.58	
N3.3---	0	0.00	0	0.00	1 	0.00	0	0.00	3 	0.05	0	0.00	0	0.00	4	0.00	2	16.88	0.76	0.78	
N3.3---+++	0	0.00	0	0.00	0	0.00	1 	0.00	0	0.00	0	0.00	0	0.00	1	0.00	1	3.62	0.84	0.86	
N3.4	1 	0.00	0	0.00	0	0.00	0	0.00	0	0.00	3 	0.02	0	0.00	4	0.00	2	9.57	0.61	0.63	
N3.4+	1 	0.00	0	0.00	0	0.00	0	0.00	0	0.00	0	0.00	0	0.00	1	0.00	1	2.93	0.77	0.79	
N3.5	5 	0.02	0	0.00	7 	0.03	10 	0.05	2 	0.03	3 	0.02	6 	0.03	33	0.03	6	6.97	0.18	0.18	
N3.5+	0	0.00	0	0.00	0	0.00	1 	0.00	0	0.00	0	0.00	1 	0.00	2	0.00	2	4.16	0.65	0.66	
N3.5-	0	0.00	0	0.00	0	0.00	1 	0.00	0	0.00	0	0.00	0	0.00	1	0.00	1	3.62	0.84	0.86	
N3.6	6 	0.02	1 	0.03	1 	0.00	8 	0.04	1 	0.02	0	0.00	6 	0.03	23	0.02	6	15.38	0.30	0.31	
N3.6+	0	0.00	0	0.00	1 	0.00	0	0.00	0	0.00	0	0.00	0	0.00	1	0.00	1	3.37	0.81	0.83	
N3.7	18 	0.06	2 	0.07	12 	0.05	6 	0.03	3 	0.05	15 	0.08	12 	0.05	68	0.05	7	5.00	0.10	0.11	
N3.7+	30 	0.10	2 	0.07	20 	0.09	16 	0.08	2 	0.03	7 	0.04	19 	0.08	96	0.08	7	10.23	0.11	0.12	
N3.7++	17 	0.06	3 	0.10	6 	0.03	13 	0.06	5 	0.08	14 	0.07	18 	0.08	76	0.06	7	8.20	0.11	0.12	
N3.7+++	2 	0.01	2 	0.07	5 	0.02	6 	0.03	1 	0.02	5 	0.03	3 	0.01	24	0.02	7	7.21	0.22	0.23	
N3.7-	6 	0.02	1 	0.03	13 	0.06	6 	0.03	0	0.00	28 	0.14	14 	0.06	68	0.05	6	37.26	0.28	0.28	
N3.7-+++	4 	0.01	0	0.00	0	0.00	0	0.00	0	0.00	0	0.00	1 	0.00	5	0.00	2	10.05	0.58	0.59	
N3.7---	4 	0.01	1 	0.03	4 	0.02	0	0.00	3 	0.05	5 	0.03	0	0.00	17	0.01	5	17.81	0.35	0.36	
N3.8	16 	0.06	1 	0.03	14 	0.06	15 	0.07	3 	0.05	18 	0.09	7 	0.03	74	0.06	7	8.67	0.13	0.13	
N3.8+	25 	0.09	3 	0.10	23 	0.10	21 	0.10	4 	0.06	15 	0.08	22 	0.09	113	0.09	7	1.55	0.05	0.05	
N3.8++	6 	0.02	0	0.00	3 	0.01	0	0.00	0	0.00	0	0.00	2 	0.01	11	0.01	3	12.45	0.40	0.41	
N3.8+++	1 	0.00	0	0.00	1 	0.00	0	0.00	0	0.00	1 	0.01	0	0.00	3	0.00	3	3.42	0.43	0.44	
N3.8++++	0	0.00	0	0.00	2 	0.01	0	0.00	0	0.00	0	0.00	1 	0.00	3	0.00	2	6.23	0.62	0.64	
N3.8-	4 	0.01	1 	0.03	6 	0.03	1 	0.00	0	0.00	1 	0.01	5 	0.02	18	0.01	6	7.97	0.27	0.27	
N4	94 	0.33	6 	0.20	55 	0.24	48 	0.23	7 	0.11	59 	0.30	83 	0.35	352	0.28	7	18.02	0.09	0.10	
N4+++	0	0.00	0	0.00	0	0.00	0	0.00	0	0.00	1 	0.01	0	0.00	1	0.00	1	3.71	0.84	0.86	
N5	105 	0.36	15 	0.51	79 	0.34	83 	0.41	20 	0.32	96 	0.49	145 	0.61	543	0.43	7	27.49	0.10	0.10	
N5+	123 	0.43	14 	0.48	108 	0.47	112 	0.55	21 	0.34	86 	0.44	113 	0.47	577	0.46	7	6.43	0.04	0.04	
N5++	160 	0.56	9 	0.31	115 	0.50	96 	0.47	21 	0.34	125 	0.64	112 	0.47	638	0.51	7	15.52	0.06	0.06	
N5+++	11 	0.04	0	0.00	7 	0.03	12 	0.06	2 	0.03	12 	0.06	14 	0.06	58	0.05	6	7.20	0.14	0.15	
N5++++	0	0.00	0	0.00	0	0.00	0	0.00	0	0.00	0	0.00	1 	0.00	1	0.00	1	3.32	0.81	0.83	
N5-	71 	0.25	5 	0.17	55 	0.24	52 	0.25	10 	0.16	42 	0.22	60 	0.25	295	0.24	7	3.32	0.04	0.04	
N5--	5 	0.02	0	0.00	3 	0.01	6 	0.03	2 	0.03	4 	0.02	14 	0.06	34	0.03	6	11.93	0.24	0.25	
N5---	11 	0.04	6 	0.20	16 	0.07	16 	0.08	0	0.00	12 	0.06	26 	0.11	87	0.07	6	23.48	0.17	0.18	
N5.1	1 	0.00	0	0.00	1 	0.00	4 	0.02	0	0.00	0	0.00	0	0.00	6	0.00	3	10.38	0.50	0.52	
N5.1+	148 	0.51	36 	1.22	179 	0.77	134 	0.66	39 	0.63	120 	0.61	149 	0.63	805	0.64	7	26.13	0.06	0.06	
N5.1+++	4 	0.01	1 	0.03	1 	0.00	2 	0.01	1 	0.02	5 	0.03	0	0.00	14	0.01	6	10.47	0.33	0.33	
N5.1++++	1 	0.00	0	0.00	0	0.00	0	0.00	0	0.00	0	0.00	0	0.00	1	0.00	1	2.93	0.77	0.79	
N5.1-	29 	0.10	0	0.00	36 	0.16	16 	0.08	7 	0.11	19 	0.10	12 	0.05	119	0.10	6	19.95	0.14	0.15	
N5.2+	29 	0.10	4 	0.14	37 	0.16	33 	0.16	12 	0.19	22 	0.11	38 	0.16	175	0.14	7	7.64	0.10	0.10	
N6	5 	0.02	0	0.00	3 	0.01	4 	0.02	0	0.00	6 	0.03	6 	0.03	24	0.02	5	5.65	0.16	0.16	
N6+	30 	0.10	1 	0.03	34 	0.15	21 	0.10	3 	0.05	25 	0.13	64 	0.27	178	0.14	7	35.92	0.17	0.18	
N6+++	14 	0.05	2 	0.07	8 	0.03	2 	0.01	1 	0.02	14 	0.07	11 	0.05	52	0.04	7	13.11	0.19	0.19	
N6-	2 	0.01	1 	0.03	1 	0.00	0	0.00	1 	0.02	0	0.00	1 	0.00	6	0.00	5	7.32	0.36	0.37	
O1	7 	0.02	3 	0.10	6 	0.03	11 	0.05	8 	0.13	4 	0.02	14 	0.06	53	0.04	7	17.86	0.25	0.26	
O1.1	9 	0.03	4 	0.14	21 	0.09	12 	0.06	5 	0.08	9 	0.05	13 	0.05	73	0.06	7	11.14	0.15	0.16	
O1.2	8 	0.03	2 	0.07	5 	0.02	6 	0.03	0	0.00	19 	0.10	19 	0.08	59	0.05	6	26.81	0.31	0.31	
O1.2-	1 	0.00	0	0.00	0	0.00	0	0.00	0	0.00	0	0.00	0	0.00	1	0.00	1	2.93	0.77	0.79	
O1.3	10 	0.03	3 	0.10	10 	0.04	7 	0.03	5 	0.08	14 	0.07	11 	0.05	60	0.05	7	6.66	0.14	0.14	
O2	72 	0.25	6 	0.20	53 	0.23	55 	0.27	7 	0.11	51 	0.26	64 	0.27	308	0.25	7	7.26	0.04	0.05	
O3	6 	0.02	2 	0.07	5 	0.02	14 	0.07	10 	0.16	11 	0.06	9 	0.04	57	0.05	7	22.56	0.26	0.26	
O4.1	53 	0.18	3 	0.10	55 	0.24	37 	0.18	7 	0.11	32 	0.16	31 	0.13	218	0.17	7	10.51	0.09	0.09	
O4.2+	21 	0.07	4 	0.14	6 	0.03	15 	0.07	1 	0.02	6 	0.03	14 	0.06	67	0.05	7	14.49	0.20	0.20	
O4.2++	1 	0.00	0	0.00	2 	0.01	0	0.00	1 	0.02	0	0.00	1 	0.00	5	0.00	4	5.67	0.37	0.38	
O4.2-	12 	0.04	0	0.00	6 	0.03	6 	0.03	0	0.00	5 	0.03	6 	0.03	35	0.03	5	6.95	0.12	0.12	
O4.3	12 	0.04	9 	0.31	9 	0.04	31 	0.15	7 	0.11	7 	0.04	23 	0.10	98	0.08	7	41.22	0.29	0.29	
O4.4	12 	0.04	1 	0.03	16 	0.07	10 	0.05	2 	0.03	7 	0.04	15 	0.06	63	0.05	7	4.14	0.12	0.12	
O4.5	22 	0.08	1 	0.03	12 	0.05	21 	0.10	12 	0.19	5 	0.03	11 	0.05	84	0.07	7	23.22	0.21	0.22	
O4.6	0	0.00	1 	0.03	0	0.00	1 	0.00	0	0.00	0	0.00	0	0.00	2	0.00	2	8.34	0.81	0.83	
O4.6+	7 	0.02	5 	0.17	9 	0.04	6 	0.03	3 	0.05	1 	0.01	6 	0.03	37	0.03	7	16.93	0.20	0.21	
O4.6-	1 	0.00	0	0.00	1 	0.00	2 	0.01	0	0.00	9 	0.05	2 	0.01	15	0.01	5	17.43	0.44	0.45	
P1	260 	0.90	40 	1.36	218 	0.94	236 	1.16	42 	0.68	80 	0.41	240 	1.01	1116	0.89	7	92.13	0.10	0.10	
Q1.1	31 	0.11	1 	0.03	23 	0.10	23 	0.11	11 	0.18	18 	0.09	29 	0.12	136	0.11	7	5.45	0.06	0.06	
Q1.2	103 	0.36	7 	0.24	73 	0.31	59 	0.29	12 	0.19	61 	0.31	131 	0.55	446	0.36	7	33.48	0.10	0.11	
Q1.3	12 	0.04	1 	0.03	8 	0.03	12 	0.06	4 	0.06	9 	0.05	2 	0.01	48	0.04	7	11.48	0.17	0.17	
Q2.1	41 	0.14	7 	0.24	46 	0.20	25 	0.12	10 	0.16	40 	0.20	54 	0.23	223	0.18	7	11.03	0.10	0.11	
Q2.2	122 	0.42	17 	0.58	147 	0.63	110 	0.54	76 	1.23	209 	1.07	177 	0.74	858	0.69	7	100.22	0.14	0.15	
Q2.2-	0	0.00	0	0.00	1 	0.00	0	0.00	0	0.00	1 	0.01	0	0.00	2	0.00	2	4.30	0.66	0.67	
Q3	14 	0.05	3 	0.10	10 	0.04	20 	0.10	4 	0.06	15 	0.08	31 	0.13	97	0.08	7	16.25	0.18	0.18	
Q4	27 	0.09	3 	0.10	19 	0.08	13 	0.06	6 	0.10	6 	0.03	5 	0.02	79	0.06	7	19.51	0.21	0.21	
Q4.1	11 	0.04	0	0.00	70 	0.30	6 	0.03	0	0.00	2 	0.01	11 	0.05	100	0.08	5	137.05	0.51	0.53	
Q4.2	13 	0.05	0	0.00	8 	0.03	4 	0.02	0	0.00	3 	0.02	12 	0.05	40	0.03	5	12.66	0.22	0.22	
Q4.3	4 	0.01	0	0.00	13 	0.06	4 	0.02	1 	0.02	11 	0.06	10 	0.04	43	0.03	6	14.18	0.26	0.26	
S1.1.1	101 	0.35	9 	0.31	76 	0.33	115 	0.56	19 	0.31	46 	0.24	96 	0.40	462	0.37	7	31.91	0.10	0.11	
S1.1.2+	31 	0.11	3 	0.10	24 	0.10	20 	0.10	4 	0.06	7 	0.04	15 	0.06	104	0.08	7	11.83	0.15	0.15	
S1.1.2++++	0	0.00	0	0.00	0	0.00	0	0.00	0	0.00	0	0.00	1 	0.00	1	0.00	1	3.32	0.81	0.83	
S1.1.2-	0	0.00	0	0.00	1 	0.00	2 	0.01	0	0.00	0	0.00	2 	0.01	5	0.00	3	6.69	0.46	0.47	
S1.1.3	0	0.00	0	0.00	0	0.00	2 	0.01	0	0.00	0	0.00	1 	0.00	3	0.00	2	6.74	0.65	0.66	
S1.1.3+	10 	0.03	3 	0.10	10 	0.04	23 	0.11	5 	0.08	11 	0.06	31 	0.13	93	0.07	7	24.04	0.24	0.25	
S1.1.3+++	0	0.00	0	0.00	1 	0.00	3 	0.01	0	0.00	0	0.00	2 	0.01	6	0.00	3	8.72	0.48	0.49	
S1.1.3-	1 	0.00	0	0.00	1 	0.00	4 	0.02	0	0.00	3 	0.02	2 	0.01	11	0.01	5	6.25	0.32	0.32	
S1.1.4+	11 	0.04	0	0.00	9 	0.04	4 	0.02	2 	0.03	2 	0.01	5 	0.02	33	0.03	6	7.34	0.20	0.21	
S1.1.4-	0	0.00	0	0.00	1 	0.00	0	0.00	0	0.00	0	0.00	0	0.00	1	0.00	1	3.37	0.81	0.83	
S1.2	0	0.00	0	0.00	2 	0.01	2 	0.01	0	0.00	0	0.00	2 	0.01	6	0.00	3	7.42	0.46	0.47	
S1.2.1+	5 	0.02	3 	0.10	7 	0.03	8 	0.04	2 	0.03	5 	0.03	7 	0.03	37	0.03	7	5.57	0.12	0.12	
S1.2.1++++	1 	0.00	0	0.00	0	0.00	0	0.00	0	0.00	0	0.00	0	0.00	1	0.00	1	2.93	0.77	0.79	
S1.2.1-	3 	0.01	1 	0.03	3 	0.01	6 	0.03	0	0.00	2 	0.01	5 	0.02	20	0.02	6	5.85	0.22	0.23	
S1.2.2+	0	0.00	0	0.00	2 	0.01	1 	0.00	0	0.00	0	0.00	0	0.00	3	0.00	2	6.53	0.65	0.67	
S1.2.2-	1 	0.00	0	0.00	1 	0.00	2 	0.01	0	0.00	0	0.00	0	0.00	4	0.00	3	5.23	0.42	0.43	
S1.2.3+	5 	0.02	0	0.00	2 	0.01	4 	0.02	1 	0.02	0	0.00	7 	0.03	19	0.02	5	10.42	0.26	0.27	
S1.2.3+++	0	0.00	0	0.00	0	0.00	0	0.00	0	0.00	0	0.00	1 	0.00	1	0.00	1	3.32	0.81	0.83	
S1.2.4+	0	0.00	0	0.00	5 	0.02	2 	0.01	1 	0.02	1 	0.01	0	0.00	9	0.01	4	13.11	0.49	0.50	
S1.2.4-	1 	0.00	0	0.00	1 	0.00	0	0.00	0	0.00	2 	0.01	4 	0.02	8	0.01	4	7.58	0.40	0.41	
S1.2.5+	98 	0.34	5 	0.17	32 	0.14	34 	0.17	5 	0.08	26 	0.13	13 	0.05	213	0.17	7	70.20	0.23	0.24	
S1.2.5++	11 	0.04	0	0.00	4 	0.02	4 	0.02	1 	0.02	5 	0.03	1 	0.00	26	0.02	6	9.72	0.23	0.23	
S1.2.5+++	0	0.00	0	0.00	0	0.00	0	0.00	0	0.00	0	0.00	1 	0.00	1	0.00	1	3.32	0.81	0.83	
S1.2.5-	14 	0.05	0	0.00	8 	0.03	7 	0.03	8 	0.13	14 	0.07	2 	0.01	53	0.04	6	23.50	0.24	0.25	
S1.2.5--	1 	0.00	0	0.00	0	0.00	0	0.00	0	0.00	0	0.00	0	0.00	1	0.00	1	2.93	0.77	0.79	
S1.2.5---	1 	0.00	0	0.00	0	0.00	0	0.00	2 	0.03	0	0.00	0	0.00	3	0.00	2	11.13	0.72	0.74	
S1.2.6+	4 	0.01	1 	0.03	1 	0.00	3 	0.01	0	0.00	3 	0.02	6 	0.03	18	0.01	6	6.21	0.19	0.19	
S1.2.6-	0	0.00	0	0.00	1 	0.00	1 	0.00	4 	0.06	1 	0.01	8 	0.03	15	0.01	5	24.37	0.56	0.57	
S2	302 	1.05	60 	2.04	189 	0.81	235 	1.15	65 	1.05	136 	0.70	172 	0.72	1159	0.93	7	71.86	0.10	0.11	
S2.1	15 	0.05	1 	0.03	40 	0.17	13 	0.06	2 	0.03	33 	0.17	39 	0.16	143	0.11	7	40.00	0.25	0.26	
S2.2	6 	0.02	0	0.00	2 	0.01	4 	0.02	0	0.00	7 	0.04	4 	0.02	23	0.02	5	7.53	0.19	0.19	
S3.1	37 	0.13	2 	0.07	53 	0.23	33 	0.16	6 	0.10	26 	0.13	28 	0.12	185	0.15	7	14.44	0.12	0.12	
S3.2	7 	0.02	5 	0.17	5 	0.02	10 	0.05	1 	0.02	10 	0.05	10 	0.04	48	0.04	7	13.29	0.20	0.20	
S4	83 	0.29	3 	0.10	61 	0.26	65 	0.32	6 	0.10	59 	0.30	55 	0.23	332	0.27	7	17.33	0.07	0.07	
S5	1 	0.00	0	0.00	0	0.00	0	0.00	0	0.00	0	0.00	2 	0.01	3	0.00	2	5.75	0.58	0.59	
S5+	299 	1.04	44 	1.49	251 	1.08	211 	1.03	68 	1.10	131 	0.67	157 	0.66	1161	0.93	7	57.90	0.10	0.10	
S5-	35 	0.12	1 	0.03	33 	0.14	32 	0.16	9 	0.15	28 	0.14	33 	0.14	171	0.14	7	4.49	0.04	0.04	
S6+	283 	0.98	32 	1.09	175 	0.75	200 	0.98	52 	0.84	153 	0.78	235 	0.99	1130	0.90	7	15.68	0.06	0.06	
S6-	24 	0.08	7 	0.24	26 	0.11	27 	0.13	9 	0.15	25 	0.13	29 	0.12	147	0.12	7	6.98	0.08	0.08	
S7.1	4 	0.01	0	0.00	4 	0.02	6 	0.03	0	0.00	3 	0.02	9 	0.04	26	0.02	5	8.31	0.22	0.23	
S7.1+	233 	0.81	16 	0.54	158 	0.68	166 	0.81	35 	0.56	121 	0.62	150 	0.63	879	0.70	7	14.75	0.06	0.06	
S7.1++	2 	0.01	0	0.00	0	0.00	0	0.00	0	0.00	1 	0.01	3 	0.01	6	0.00	3	7.39	0.42	0.43	
S7.1-	26 	0.09	1 	0.03	14 	0.06	4 	0.02	5 	0.08	7 	0.04	21 	0.09	78	0.06	7	17.01	0.20	0.20	
S7.1--	0	0.00	0	0.00	1 	0.00	0	0.00	0	0.00	1 	0.01	0	0.00	2	0.00	2	4.30	0.66	0.67	
S7.2+	21 	0.07	1 	0.03	20 	0.09	5 	0.02	5 	0.08	13 	0.07	13 	0.05	78	0.06	7	9.55	0.13	0.14	
S7.2-	2 	0.01	0	0.00	0	0.00	1 	0.00	0	0.00	0	0.00	2 	0.01	5	0.00	3	5.57	0.42	0.43	
S7.3	1 	0.00	0	0.00	1 	0.00	0	0.00	0	0.00	0	0.00	0	0.00	2	0.00	2	3.53	0.58	0.60	
S7.3+	11 	0.04	0	0.00	0	0.00	12 	0.06	1 	0.02	1 	0.01	9 	0.04	34	0.03	5	27.45	0.36	0.37	
S7.3-	0	0.00	0	0.00	0	0.00	0	0.00	0	0.00	1 	0.01	0	0.00	1	0.00	1	3.71	0.84	0.86	
S7.4	1 	0.00	0	0.00	4 	0.02	1 	0.00	1 	0.02	11 	0.06	1 	0.00	19	0.02	6	22.12	0.45	0.46	
S7.4+	71 	0.25	11 	0.37	85 	0.37	84 	0.41	11 	0.18	60 	0.31	88 	0.37	410	0.33	7	18.16	0.09	0.09	
S7.4-	6 	0.02	0	0.00	16 	0.07	10 	0.05	2 	0.03	7 	0.04	13 	0.05	54	0.04	6	10.94	0.18	0.19	
S8+	586 	2.03	69 	2.34	463 	1.99	534 	2.61	125 	2.02	400 	2.05	417 	1.75	2594	2.08	7	41.16	0.05	0.05	
S8-	43 	0.15	4 	0.14	58 	0.25	83 	0.41	30 	0.48	68 	0.35	67 	0.28	353	0.28	7	45.39	0.14	0.15	
S9	11 	0.04	0	0.00	16 	0.07	8 	0.04	2 	0.03	0	0.00	24 	0.10	61	0.05	5	35.23	0.28	0.29	
T1	25 	0.09	2 	0.07	19 	0.08	10 	0.05	6 	0.10	18 	0.09	24 	0.10	104	0.08	7	4.67	0.07	0.08	
T1.1	15 	0.05	0	0.00	6 	0.03	6 	0.03	2 	0.03	10 	0.05	9 	0.04	48	0.04	6	5.90	0.13	0.14	
T1.1.1	64 	0.22	1 	0.03	32 	0.14	23 	0.11	3 	0.05	21 	0.11	39 	0.16	183	0.15	7	23.52	0.14	0.15	
T1.1.2	94 	0.33	1 	0.03	50 	0.22	42 	0.21	8 	0.13	72 	0.37	77 	0.32	344	0.28	7	33.34	0.13	0.13	
T1.1.3	854 	2.97	26 	0.88	699 	3.01	256 	1.25	120 	1.93	433 	2.22	449 	1.89	2837	2.27	7	270.61	0.13	0.13	
T1.2	19 	0.07	1 	0.03	10 	0.04	6 	0.03	7 	0.11	2 	0.01	14 	0.06	59	0.05	7	16.73	0.21	0.21	
T1.3	141 	0.49	10 	0.34	116 	0.50	112 	0.55	15 	0.24	83 	0.42	146 	0.61	623	0.50	7	20.94	0.06	0.06	
T1.3+	37 	0.13	2 	0.07	27 	0.12	29 	0.14	2 	0.03	11 	0.06	19 	0.08	127	0.10	7	15.57	0.15	0.16	
T1.3++	7 	0.02	0	0.00	3 	0.01	8 	0.04	2 	0.03	0	0.00	4 	0.02	24	0.02	5	13.31	0.26	0.27	
T1.3++++	0	0.00	0	0.00	0	0.00	0	0.00	0	0.00	1 	0.01	1 	0.00	2	0.00	2	4.25	0.65	0.67	
T1.3-	1 	0.00	0	0.00	3 	0.01	2 	0.01	0	0.00	2 	0.01	3 	0.01	11	0.01	5	3.62	0.21	0.22	
T2+	91 	0.32	8 	0.27	70 	0.30	58 	0.28	8 	0.13	42 	0.22	74 	0.31	351	0.28	7	11.98	0.06	0.07	
T2++	159 	0.55	11 	0.37	80 	0.34	93 	0.46	16 	0.26	111 	0.57	75 	0.32	545	0.44	7	34.75	0.12	0.12	
T2+++	1 	0.00	1 	0.03	3 	0.01	4 	0.02	1 	0.02	3 	0.02	3 	0.01	16	0.01	7	4.24	0.17	0.18	
T2-	27 	0.09	25 	0.85	100 	0.43	64 	0.31	12 	0.19	73 	0.37	99 	0.42	400	0.32	7	101.21	0.19	0.19	
T3	18 	0.06	7 	0.24	27 	0.12	5 	0.02	4 	0.06	34 	0.17	31 	0.13	126	0.10	7	37.69	0.23	0.23	
T3+	32 	0.11	0	0.00	22 	0.09	19 	0.09	10 	0.16	14 	0.07	19 	0.08	116	0.09	6	10.49	0.09	0.09	
T3++	20 	0.07	4 	0.14	9 	0.04	9 	0.04	0	0.00	4 	0.02	13 	0.05	59	0.05	6	16.16	0.18	0.19	
T3+++	9 	0.03	1 	0.03	1 	0.00	1 	0.00	0	0.00	0	0.00	5 	0.02	17	0.01	5	16.79	0.44	0.45	
T3-	228 	0.79	25 	0.85	136 	0.59	138 	0.68	24 	0.39	102 	0.52	100 	0.42	753	0.60	7	42.43	0.10	0.10	
T3--	13 	0.05	0	0.00	3 	0.01	2 	0.01	0	0.00	2 	0.01	2 	0.01	22	0.02	5	15.14	0.36	0.37	
T3---	0	0.00	0	0.00	1 	0.00	2 	0.01	0	0.00	3 	0.02	4 	0.02	10	0.01	4	9.41	0.39	0.40	
T4	0	0.00	0	0.00	2 	0.01	0	0.00	0	0.00	2 	0.01	0	0.00	4	0.00	2	8.61	0.66	0.67	
T4+	5 	0.02	1 	0.03	8 	0.03	13 	0.06	2 	0.03	8 	0.04	4 	0.02	41	0.03	7	9.82	0.20	0.21	
T4++++	0	0.00	0	0.00	0	0.00	1 	0.00	0	0.00	0	0.00	0	0.00	1	0.00	1	3.62	0.84	0.86	
T4-	2 	0.01	0	0.00	8 	0.03	3 	0.01	0	0.00	4 	0.02	6 	0.03	23	0.02	5	9.39	0.25	0.26	
T4--	1 	0.00	0	0.00	0	0.00	0	0.00	0	0.00	0	0.00	1 	0.00	2	0.00	2	3.48	0.58	0.59	
W1	124 	0.43	5 	0.17	21 	0.09	30 	0.15	6 	0.10	16 	0.08	37 	0.16	239	0.19	7	101.97	0.29	0.30	
W2	1 	0.00	0	0.00	1 	0.00	1 	0.00	0	0.00	0	0.00	3 	0.01	6	0.00	4	4.96	0.31	0.32	
W3	75 	0.26	11 	0.37	47 	0.20	46 	0.23	24 	0.39	30 	0.15	96 	0.40	329	0.26	7	34.81	0.13	0.14	
W4	10 	0.03	8 	0.27	13 	0.06	17 	0.08	3 	0.05	21 	0.11	10 	0.04	82	0.07	7	23.89	0.22	0.22	
W5	28 	0.10	19 	0.64	33 	0.14	41 	0.20	11 	0.18	11 	0.06	28 	0.12	171	0.14	7	51.29	0.19	0.19	
X1	0	0.00	1 	0.03	1 	0.00	1 	0.00	0	0.00	0	0.00	3 	0.01	6	0.00	4	9.52	0.46	0.47	
X2	3 	0.01	0	0.00	3 	0.01	7 	0.03	2 	0.03	0	0.00	5 	0.02	20	0.02	5	12.31	0.30	0.30	
X2.1	79 	0.27	17 	0.58	41 	0.18	62 	0.30	9 	0.15	27 	0.14	76 	0.32	311	0.25	7	36.67	0.14	0.15	
X2.1-	0	0.00	0	0.00	0	0.00	1 	0.00	0	0.00	0	0.00	0	0.00	1	0.00	1	3.62	0.84	0.86	
X2.2	33 	0.11	1 	0.03	2 	0.01	7 	0.03	0	0.00	1 	0.01	2 	0.01	46	0.04	6	58.09	0.49	0.50	
X2.2+	71 	0.25	3 	0.10	40 	0.17	62 	0.30	4 	0.06	24 	0.12	66 	0.28	270	0.22	7	34.24	0.15	0.16	
X2.2-	3 	0.01	0	0.00	2 	0.01	0	0.00	5 	0.08	1 	0.01	3 	0.01	14	0.01	5	17.38	0.33	0.34	
X2.3+	13 	0.05	1 	0.03	8 	0.03	19 	0.09	3 	0.05	3 	0.02	6 	0.03	53	0.04	7	16.11	0.22	0.22	
X2.4	76 	0.26	5 	0.17	101 	0.44	84 	0.41	6 	0.10	85 	0.44	74 	0.31	431	0.34	7	37.31	0.12	0.12	
X2.5+	16 	0.06	1 	0.03	9 	0.04	4 	0.02	1 	0.02	2 	0.01	5 	0.02	38	0.03	7	11.01	0.24	0.25	
X2.5-	0	0.00	0	0.00	3 	0.01	1 	0.00	2 	0.03	0	0.00	2 	0.01	8	0.01	4	11.23	0.45	0.46	
X2.6	1 	0.00	0	0.00	0	0.00	2 	0.01	0	0.00	0	0.00	0	0.00	3	0.00	2	6.36	0.61	0.62	
X2.6+	26 	0.09	3 	0.10	7 	0.03	4 	0.02	0	0.00	8 	0.04	12 	0.05	60	0.05	6	22.25	0.24	0.24	
X2.6-	0	0.00	0	0.00	0	0.00	4 	0.02	0	0.00	0	0.00	1 	0.00	5	0.00	2	12.80	0.65	0.66	
X3	0	0.00	0	0.00	1 	0.00	0	0.00	0	0.00	0	0.00	0	0.00	1	0.00	1	3.37	0.81	0.83	
X3.1	0	0.00	0	0.00	0	0.00	1 	0.00	0	0.00	1 	0.01	0	0.00	2	0.00	2	4.56	0.68	0.70	
X3.2	9 	0.03	0	0.00	7 	0.03	1 	0.00	1 	0.02	10 	0.05	8 	0.03	36	0.03	6	11.34	0.18	0.19	
X3.2+	0	0.00	1 	0.03	0	0.00	0	0.00	0	0.00	0	0.00	2 	0.01	3	0.00	2	10.31	0.79	0.80	
X3.2-	0	0.00	0	0.00	0	0.00	0	0.00	2 	0.03	0	0.00	0	0.00	2	0.00	1	12.01	0.95	0.97	
X3.3	3 	0.01	0	0.00	6 	0.03	2 	0.01	0	0.00	0	0.00	3 	0.01	14	0.01	4	9.75	0.27	0.27	
X3.4	25 	0.09	1 	0.03	12 	0.05	4 	0.02	5 	0.08	7 	0.04	18 	0.08	72	0.06	7	14.66	0.20	0.20	
X3.4+	0	0.00	0	0.00	0	0.00	0	0.00	0	0.00	2 	0.01	0	0.00	2	0.00	1	7.42	0.84	0.86	
X3.4-	0	0.00	0	0.00	1 	0.00	0	0.00	0	0.00	0	0.00	2 	0.01	3	0.00	2	6.18	0.62	0.64	
X4.1	37 	0.13	3 	0.10	29 	0.12	33 	0.16	7 	0.11	23 	0.12	53 	0.22	185	0.15	7	11.99	0.11	0.11	
X4.2	118 	0.41	14 	0.48	77 	0.33	85 	0.42	21 	0.34	41 	0.21	92 	0.39	448	0.36	7	20.03	0.08	0.08	
X5.1+	19 	0.07	0	0.00	14 	0.06	18 	0.09	1 	0.02	4 	0.02	13 	0.05	69	0.06	6	15.33	0.16	0.16	
X5.1-	5 	0.02	0	0.00	2 	0.01	2 	0.01	3 	0.05	6 	0.03	2 	0.01	20	0.02	6	8.24	0.26	0.27	
X5.2+	87 	0.30	13 	0.44	49 	0.21	38 	0.19	24 	0.39	50 	0.26	56 	0.24	317	0.25	7	15.75	0.09	0.09	
X5.2+++	0	0.00	0	0.00	0	0.00	0	0.00	0	0.00	0	0.00	1 	0.00	1	0.00	1	3.32	0.81	0.83	
X5.2-	0	0.00	0	0.00	1 	0.00	0	0.00	0	0.00	0	0.00	1 	0.00	2	0.00	2	3.91	0.62	0.64	
X6	0	0.00	0	0.00	5 	0.02	1 	0.00	0	0.00	4 	0.02	2 	0.01	12	0.01	4	12.25	0.41	0.42	
X6+	33 	0.11	3 	0.10	26 	0.11	20 	0.10	6 	0.10	29 	0.15	24 	0.10	141	0.11	7	2.93	0.05	0.05	
X6-	0	0.00	0	0.00	0	0.00	0	0.00	0	0.00	0	0.00	1 	0.00	1	0.00	1	3.32	0.81	0.83	
X7+	305 	1.06	46 	1.56	229 	0.99	230 	1.13	64 	1.03	173 	0.89	249 	1.05	1296	1.04	7	13.54	0.03	0.03	
X7-	9 	0.03	2 	0.07	4 	0.02	8 	0.04	1 	0.02	8 	0.04	10 	0.04	42	0.03	7	4.73	0.13	0.14	
X8+	23 	0.08	1 	0.03	20 	0.09	15 	0.07	5 	0.08	25 	0.13	14 	0.06	103	0.08	7	7.35	0.09	0.10	
X8++	0	0.00	0	0.00	1 	0.00	0	0.00	1 	0.02	1 	0.01	0	0.00	3	0.00	3	6.49	0.61	0.62	
X8+++	1 	0.00	0	0.00	0	0.00	0	0.00	0	0.00	0	0.00	1 	0.00	2	0.00	2	3.48	0.58	0.59	
X9.1	2 	0.01	0	0.00	0	0.00	1 	0.00	0	0.00	1 	0.01	1 	0.00	5	0.00	4	3.20	0.26	0.27	
X9.1+	107 	0.37	1 	0.03	51 	0.22	55 	0.27	9 	0.15	20 	0.10	46 	0.19	289	0.23	7	51.42	0.17	0.17	
X9.1-	10 	0.03	2 	0.07	9 	0.04	5 	0.02	3 	0.05	10 	0.05	15 	0.06	54	0.04	7	5.15	0.14	0.14	
X9.2	10 	0.03	1 	0.03	4 	0.02	4 	0.02	0	0.00	3 	0.02	4 	0.02	26	0.02	6	5.68	0.17	0.17	
X9.2+	78 	0.27	4 	0.14	47 	0.20	46 	0.23	13 	0.21	36 	0.18	41 	0.17	265	0.21	7	8.15	0.07	0.08	
X9.2++	0	0.00	0	0.00	0	0.00	1 	0.00	0	0.00	0	0.00	0	0.00	1	0.00	1	3.62	0.84	0.86	
X9.2-	12 	0.04	1 	0.03	32 	0.14	18 	0.09	7 	0.11	19 	0.10	29 	0.12	118	0.09	7	18.37	0.15	0.16	
Y1	87 	0.30	1 	0.03	35 	0.15	43 	0.21	4 	0.06	13 	0.07	30 	0.13	213	0.17	7	55.45	0.22	0.22	
Y2	116 	0.40	2 	0.07	17 	0.07	24 	0.12	2 	0.03	13 	0.07	6 	0.03	180	0.14	7	155.71	0.41	0.42	
Z1	78 	0.27	1 	0.03	39 	0.17	45 	0.22	17 	0.27	62 	0.32	108 	0.45	350	0.28	7	47.83	0.14	0.14	
Z2	432 	1.50	16 	0.54	253 	1.09	352 	1.72	431 	6.95	887 	4.54	377 	1.58	2748	2.20	7	1127.07	0.27	0.28	
Z3	176 	0.61	40 	1.36	192 	0.83	228 	1.12	35 	0.56	412 	2.11	304 	1.28	1387	1.11	7	261.86	0.18	0.18	
Z4	23 	0.08	2 	0.07	13 	0.06	11 	0.05	1 	0.02	20 	0.10	26 	0.11	96	0.08	7	11.87	0.14	0.14	
Z5	8757 	30.41	920 	31.23	7005 	30.17	6304 	30.85	1706 	27.50	6408 	32.81	6746 	28.34	37846	30.29	7	90.13	0.02	0.02	
Z6	166 	0.58	10 	0.34	118 	0.51	81 	0.40	25 	0.40	86 	0.44	211 	0.89	697	0.56	7	61.94	0.12	0.12	
Z7	58 	0.20	0	0.00	7 	0.03	10 	0.05	1 	0.02	19 	0.10	38 	0.16	133	0.11	6	64.34	0.30	0.31	
Z8	2341 	8.13	182 	6.18	1249 	5.38	965 	4.72	471 	7.59	882 	4.52	1403 	5.89	7493	6.00	7	374.24	0.10	0.10	
Z99	145 	0.50	31 	1.05	336 	1.45	270 	1.32	56 	0.90	247 	1.26	249 	1.05	1334	1.07	7	155.06	0.13	0.14	
TOTAL	28799	100	2946	100	23217	100	20432	100	6203	100	19532	100	23808	100	124937	100	7
